time,amplitude
0.0,0.24835707650561634
0.01001001001001001,0.24018391080327664
0.02002002002002002,0.9121382342511513
0.03003003003003003,1.5710860915447566
0.04004004004004004,0.8343677873215088
0.050050050050050046,0.8829302853540071
0.06006006006006006,1.7400781650538075
0.07007007007007007,1.1914384986502613
0.08008008008008008,0.35101088457436314
0.09009009009009009,0.5776040413997662
0.10010010010010009,-0.23485357861396713
0.11011011011011011,-0.545169921016618
0.12012012012012012,-0.4698528992229406
0.13013013013013014,-1.768053308791765
0.14014014014014015,-1.814866699140968
0.15015015015015015,-1.2811326390962003
0.16016016016016016,-1.4559052005220252
0.17017017017017017,-0.6487394506600327
0.18018018018018017,-1.0372084349668793
0.19019019019019018,-1.0094807991422732
0.20020020020020018,0.739113817776844
0.21021021021021022,0.20240278833223485
0.22022022022022023,0.6271323641815824
0.23023023023023023,0.10087309211700479
0.24024024024024024,0.6811703101148379
0.2502502502502503,1.0554303907226799
0.2602602602602603,0.3730013448486439
0.2702702702702703,0.991846139539777
0.2802802802802803,0.2803196044692028
0.2902902902902903,0.15448400271511276
0.3003003003003003,-0.31028737834059544
0.3103103103103103,0.607865377362161
0.3203203203203203,-0.6026452330028649
0.3303303303303303,-1.3439286059642122
0.34034034034034033,-0.543033677677154
0.35035035035035034,-1.610361253185805
0.36036036036036034,-0.8430654492180526
0.37037037037037035,-1.781958254694932
0.38038038038038036,-1.242168783949587
0.39039039039039036,-0.19889921873261118
0.40040040040040037,0.3818119078364448
0.41041041041041043,0.40693748427912846
0.42042042042042044,0.5405949451968068
0.43043043043043044,0.6663391893982608
0.44044044044044045,0.2159801624145734
0.45045045045045046,0.6399777675693947
0.46046046046046046,0.7161676042549587
0.47047047047047047,1.3288024357634902
0.4804804804804805,0.7473159975541218
0.4904904904904905,-0.5871942223620847
0.5005005005005005,0.14631894564035608
0.5105105105105106,-0.5167709356925305
0.5205205205205206,-0.9393966343161024
0.5305305305305306,-0.512862709945394
0.5405405405405406,-0.44066697349127526
0.5505505505505506,-0.5342103674002012
0.5605605605605606,-1.3650761342051827
0.5705705705705706,-0.9529577266000137
0.5805805805805806,-0.40730053894023893
0.5905905905905906,0.1964536002856337
0.6006006006006006,-0.2207198141381774
0.6106106106106106,0.23437355252586278
0.6206206206206206,0.05027875206041099
0.6306306306306306,0.22239926306675095
0.6406406406406406,1.3633457671953702
0.6506506506506506,1.677911108549338
0.6606606606606606,0.9084333445906624
0.6706706706706707,1.2982203084509425
0.6806806806806807,0.751170003101721
0.6906906906906907,-0.034250687030339955
0.7007007007007007,0.1586864188279806
0.7107107107107107,0.4388452328321497
0.7207207207207207,-0.6238638958185215
0.7307307307307307,-0.03997435369180413
0.7407407407407407,-2.2678620643603606
0.7507507507507507,-0.5887706220827771
0.7607607607607607,-0.8998765641524966
0.7707707707707707,-0.9440519791453799
0.7807807807807807,-0.5218856978269575
0.7907907907907907,-1.2790810233744982
0.8008008008008007,-0.08468069852938301
0.8108108108108109,0.5116960804979306
0.8208208208208209,1.3473965433649742
0.8308308308308309,0.5649465469665417
0.8408408408408409,0.5546398932780563
0.8508508508508509,0.7487642458699619
0.8608608608608609,1.4000535203853561
0.8708708708708709,0.9570104455715283
0.8808808808808809,0.3002944648818727
0.8908908908908909,0.53891483703065
0.9009009009009009,0.020239916590903143
0.9109109109109109,0.1482192507242303
0.9209209209209209,-0.9619686954840997
0.9309309309309309,-0.9896900542624273
0.9409409409409409,-1.1558284709192679
0.950950950950951,-1.7313112492878233
0.960960960960961,-0.7932353669972162
0.970970970970971,-0.6601860028251493
0.980980980980981,-0.5600207298972074
0.990990990990991,-0.39655644998040535
1.001001001001001,-0.6762431801060858
1.011011011011011,0.1287407091119957
1.021021021021021,0.442071476003279
1.031031031031031,0.42648950399192276
1.0410410410410411,0.8800097465893169
1.0510510510510511,1.2014803262363387
1.0610610610610611,1.8833221913150244
1.0710710710710711,0.876073473848552
1.0810810810810811,0.6887499814989797
1.0910910910910911,0.23901892649598738
1.1011011011011012,-0.9939708204613408
1.1111111111111112,-0.35527708105027894
1.1211211211211212,-0.5857941485966671
1.1311311311311312,0.4022319447175603
1.1411411411411412,-1.0577017926376866
1.1511511511511512,-0.8485724652951747
1.1611611611611612,-0.9565095624723903
1.1711711711711712,-1.3711867141813583
1.1811811811811812,0.014044830995870505
1.1911911911911912,0.102748362734923
1.2012012012012012,0.43324386620024163
1.2112112112112112,-0.10972019360277879
1.2212212212212212,1.3197808373842643
1.2312312312312312,0.1302163509195523
1.2412412412412412,1.255809056136768
1.2512512512512513,2.094455305101069
1.2612612612612613,0.44280066433082316
1.2712712712712713,0.5017541770850218
1.2812812812812813,0.6045785369279367
1.2912912912912913,0.01845389382568241
1.3013013013013013,-0.8162019149737773
1.3113113113113113,-0.3136420252912688
1.3213213213213213,-1.152003851706294
1.3313313313313313,-0.5960902183231809
1.3413413413413413,-1.4229423080108132
1.3513513513513513,-0.22413176369591215
1.3613613613613613,-1.3286013454355587
1.3713713713713713,-0.9439813843113007
1.3813813813813813,-0.14537503766823584
1.3913913913913913,-0.8825947743515005
1.4014014014014013,0.15774206932444396
1.4114114114114114,1.0044414279925415
1.4214214214214214,-0.1804274493424004
1.4314314314314314,0.9269396775139668
1.4414414414414414,1.094011743940361
1.4514514514514514,1.389871995647483
1.4614614614614614,0.31739595011477373
1.4714714714714714,0.12076216110378035
1.4814814814814814,0.8104797608792569
1.4914914914914914,0.41262320593320245
1.5015015015015014,0.0780928558206367
1.5115115115115114,-0.18058901437784622
1.5215215215215214,-0.9657825376410467
1.5315315315315314,-0.7202239603852706
1.5415415415415414,-0.8183647320453966
1.5515515515515514,-1.3559879832404536
1.5615615615615615,-0.0018714010947735726
1.5715715715715715,-0.5421061251275995
1.5815815815815815,-1.142530624094955
1.5915915915915915,0.06718029390482183
1.6016016016016015,-0.4370462647503003
1.6116116116116117,0.7502949902854582
1.6216216216216217,1.207517786799344
1.6316316316316317,0.4277294395293706
1.6416416416416417,1.4474101129375152
1.6516516516516517,1.2050445745447054
1.6616616616616617,1.34466684360809
1.6716716716716717,1.7254434908092608
1.6816816816816818,0.4215493066301426
1.6916916916916918,-0.11880851274989496
1.7017017017017018,-0.4981922888058187
1.7117117117117118,-0.7675938721272537
1.7217217217217218,-0.6692144597496076
1.7317317317317318,-0.6692061130502162
1.7417417417417418,-0.8281881778930309
1.7517517517517518,-0.5848944473525106
1.7617617617617618,-0.9260046915407533
1.7717717717717718,-0.04829669030094297
1.7817817817817818,-0.6739308881671684
1.7917917917917918,1.1050645068944978
1.8018018018018018,0.36940872306629335
1.8118118118118118,-0.0659575644264771
1.8218218218218218,0.09765472689626209
1.8318318318318318,1.0827215049216403
1.8418418418418419,0.8556041557343654
1.8518518518518519,1.3553084053173143
1.8618618618618619,1.1679841017466266
1.8718718718718719,0.7366583370602822
1.8818818818818819,0.11555936332601552
1.8918918918918919,-0.5054455509578043
1.901901901901902,-0.2829719409167167
1.911911911911912,0.06264928533652142
1.921921921921922,-0.5284852137792777
1.931931931931932,-1.4660495617422131
1.941941941941942,-0.8815374899765279
1.951951951951952,-0.805461682173728
1.961961961961962,-1.3721444489291714
1.971971971971972,-0.6942116597259627
1.981981981981982,-0.5072002840143857
1.991991991991992,-0.8204187033822077
2.002002002002002,0.24174697021862523
2.012012012012012,0.6488676579943679
2.022022022022022,1.1794825323407503
2.032032032032032,1.3717677349732726
2.042042042042042,0.28007609925760557
2.052052052052052,0.5290101950706816
2.062062062062062,1.1865746065586915
2.0720720720720722,1.0259609820304196
2.0820820820820822,0.7911716035551448
2.0920920920920922,2.1722523310812103
2.1021021021021022,0.21945376171996306
2.1121121121121122,0.19638578628273218
2.1221221221221223,-0.16337454492642334
2.1321321321321323,-0.5208492646771601
2.1421421421421423,-1.1273186539778597
2.1521521521521523,-0.6182305789496281
2.1621621621621623,-1.3143016345652971
2.1721721721721723,-0.8854634982255981
2.1821821821821823,-0.7736673740438659
2.1921921921921923,-0.20190011568541988
2.2022022022022023,1.2264583279315442
2.2122122122122123,-0.559317596371851
2.2222222222222223,0.9859177048737988
2.2322322322322323,0.04185676431797791
2.2422422422422423,0.7344817576250808
2.2522522522522523,1.5419730950781827
2.2622622622622623,0.9588519149530164
2.2722722722722724,0.22616040849323749
2.2822822822822824,0.17066633411606863
2.2922922922922924,0.5795842579650764
2.3023023023023024,-0.4374492277791519
2.3123123123123124,-0.2689999695117785
2.3223223223223224,-0.6224075159867825
2.3323323323323324,-1.1756762949935917
2.3423423423423424,0.10077029239228796
2.3523523523523524,-0.6803110282138276
2.3623623623623624,-1.9380969122504794
2.3723723723723724,-0.6697766769868105
2.3823823823823824,-0.8565387850155114
2.3923923923923924,0.18948545710643494
2.4024024024024024,-0.32085830463394677
2.4124124124124124,0.3227715773901482
2.4224224224224224,0.9000865211276228
2.4324324324324325,1.2844067348183716
2.4424424424424425,0.3717980059243453
2.4524524524524525,0.8297828018582161
2.4624624624624625,0.6868575239968315
2.4724724724724725,0.4343027093748145
2.4824824824824825,1.4056948383563552
2.4924924924924925,0.436165551444736
2.5025025025025025,-0.7089794487331854
2.5125125125125125,0.07588440092422744
2.5225225225225225,0.4110921754526765
2.5325325325325325,-0.3369411029178143
2.5425425425425425,-1.7323660376801646
2.5525525525525525,-1.2389034765901596
2.5625625625625625,-0.2896700246010001
2.5725725725725725,-1.1127580242774786
2.5825825825825826,-0.29837499790846445
2.5925925925925926,0.15670115597222764
2.6026026026026026,-0.38179313392583625
2.6126126126126126,0.3561868809644266
2.6226226226226226,-0.9682611335127478
2.6326326326326326,0.34261607063977895
2.6426426426426426,0.8471222050594215
2.6526526526526526,0.37263801196791235
2.6626626626626626,1.7381175416510453
2.6726726726726726,0.04180106302468045
2.6826826826826826,0.29757431711339377
2.6926926926926926,0.29292505351913717
2.7027027027027026,0.6358307200575588
2.7127127127127126,-1.106779804181097
2.7227227227227226,-0.07317082236224615
2.7327327327327327,-0.8513210653835457
2.7427427427427427,-1.464876205962712
2.7527527527527527,-0.7652111735669189
2.7627627627627627,-0.8211592152661285
2.7727727727727727,-1.0549211661401978
2.7827827827827827,-0.4800022477458058
2.7927927927927927,-0.41714820706845657
2.8028028028028027,0.14469758103668048
2.8128128128128127,0.7228093899809154
2.8228228228228227,1.4501347933418596
2.8328328328328327,0.23914908144225921
2.8428428428428427,2.0413445340026657
2.8528528528528527,0.01994246627785412
2.8628628628628627,0.8435645838724176
2.8728728728728727,1.0469048417402504
2.8828828828828827,0.6527008618206408
2.8928928928928928,-0.0899239275887253
2.9029029029029028,-0.1951321478652649
2.9129129129129128,-0.6411359700788439
2.9229229229229228,-0.9541759520079901
2.932932932932933,-0.43486653167023187
2.942942942942943,-0.7970164294993145
2.952952952952953,-1.3421547693371652
2.962962962962963,-0.4684161691636504
2.972972972972973,-0.5970225448144234
2.982982982982983,-0.1030704408643986
2.992992992992993,0.0964563547171535
3.003003003003003,-0.32029526913341805
3.013013013013013,0.11743252998541986
3.023023023023023,1.0355010423914914
3.033033033033033,1.1664549606559576
3.043043043043043,0.9657600539923531
3.053053053053053,1.0540674221884045
3.063063063063063,1.555798449690231
3.073073073073073,0.4528052539170853
3.083083083083083,0.7803417245533045
3.093093093093093,0.11419181452815907
3.103103103103103,-0.20617311998189586
3.113113113113113,0.14898175982579454
3.123123123123123,-0.2515001863115957
3.133133133133133,-0.45610874028560905
3.143143143143143,-0.3241484717843267
3.153153153153153,-0.9845957246338871
3.163163163163163,-0.5747303428526903
3.173173173173173,-0.9016355666247861
3.183183183183183,-0.34199637954711193
3.193193193193193,-0.27728761336636065
3.203203203203203,0.14895982034851551
3.2132132132132134,0.7008648352024396
3.2232232232232234,0.25744557156563647
3.2332332332332334,1.910642393302595
3.2432432432432434,0.47454654819783515
3.2532532532532534,0.38768741308871923
3.2632632632632634,1.4934940361952007
3.2732732732732734,1.1402373928698895
3.2832832832832834,0.8134210011136872
3.2932932932932935,0.5233146875697126
3.3033033033033035,-0.10971355025570462
3.3133133133133135,-0.8547891762973947
3.3233233233233235,-0.630994594647481
3.3333333333333335,-1.2046062595404972
3.3433433433433435,-0.4906530684243339
3.3533533533533535,-1.0679846465063463
3.3633633633633635,-1.325909925569238
3.3733733733733735,-0.9029954625721048
3.3833833833833835,-0.2921719441031785
3.3933933933933935,-0.48792798781367985
3.4034034034034035,-0.3043927324118576
3.4134134134134135,0.5308772476867005
3.4234234234234235,0.7937145048952622
3.4334334334334335,0.6141218999820346
3.4434434434434436,0.7433418046046993
3.4534534534534536,1.110145326168758
3.4634634634634636,0.18783285356637403
3.4734734734734736,0.03645980951367067
3.4834834834834836,0.13668720805817824
3.4934934934934936,0.09626387617083232
3.5035035035035036,0.04561007125649766
3.5135135135135136,0.32577686023077984
3.5235235235235236,-0.24472911528585822
3.5335335335335336,-0.9491222565837133
3.5435435435435436,-0.9890074033324612
3.5535535535535536,-1.4950396103243286
3.5635635635635636,-0.9198362715882308
3.5735735735735736,-0.8824028510924093
3.5835835835835836,-0.3318167817304317
3.5935935935935936,-0.6135226570009693
3.6036036036036037,0.37264212854965484
3.6136136136136137,1.1811342376066913
3.6236236236236237,0.6214998991342459
3.6336336336336337,1.0715597612145948
3.6436436436436437,1.3251999505777312
3.6536536536536537,0.7928094347748934
3.6636636636636637,1.0213216187191005
3.6736736736736737,0.7422442678750079
3.6836836836836837,0.5392759771908338
3.6936936936936937,-0.1896799504600299
3.7037037037037037,-0.10383782699576011
3.7137137137137137,-0.1686250665837424
3.7237237237237237,0.04737746808285481
3.7337337337337337,-0.3926107849768821
3.7437437437437437,0.0958443115357388
3.7537537537537538,-1.3767283705843927
3.7637637637637638,-0.47180174151920873
3.7737737737737738,-0.6421443224075553
3.7837837837837838,0.6072065227951966
3.793793793793794,-0.5978898939144799
3.803803803803804,-0.30064511235422214
3.813813813813814,0.1207831905471956
3.823823823823824,-0.38144587079965786
3.833833833833834,0.610902359072343
3.843843843843844,0.6017898499767085
3.853853853853854,1.0678765801216255
3.863863863863864,1.0775177506654745
3.873873873873874,1.6697607457096213
3.883883883883884,0.9601590558105131
3.893893893893894,-0.09779718279813573
3.903903903903904,-0.571544860052634
3.913913913913914,-0.17737107030327884
3.923923923923924,-1.3429195206735072
3.933933933933934,0.040424482249366345
3.943943943943944,-0.39223567893686206
3.953953953953954,-1.226882793707167
3.963963963963964,-1.7618757641280385
3.973973973973974,-0.05259190403948777
3.983983983983984,-0.5394644564283647
3.993993993993994,0.4313415026108839
4.004004004004004,-0.6717557992168842
4.014014014014014,0.12649010089555102
4.024024024024024,0.6877189403428735
4.034034034034034,0.9003115721155248
4.044044044044044,0.757512851183006
4.054054054054054,1.3033254014326263
4.064064064064064,0.37015806877071356
4.074074074074074,0.6561838990623943
4.084084084084084,0.5395849781447499
4.094094094094094,0.44169622383285745
4.104104104104104,0.22723014376256762
4.114114114114114,-0.9913413999812681
4.124124124124124,-1.4544415739969265
4.134134134134134,-0.23949056763351695
4.1441441441441444,-0.8169687118059095
4.1541541541541545,-1.365739361875661
4.1641641641641645,-0.12704313990777094
4.1741741741741745,-0.6673746816139663
4.1841841841841845,0.11297354258548725
4.1941941941941945,-0.14762589516759586
4.2042042042042045,1.162069251276617
4.2142142142142145,1.3095292742348987
4.2242242242242245,0.5651830147387239
4.2342342342342345,1.3656134712936057
4.2442442442442445,1.3063841009721833
4.2542542542542545,1.6753977254351944
4.2642642642642645,0.41879931525589476
4.2742742742742745,1.0660689140607333
4.2842842842842845,1.0031204660152433
4.2942942942942945,-0.7010780720535732
4.3043043043043046,-0.726441236339463
4.314314314314315,-1.454309170034437
4.324324324324325,-0.8266422861998174
4.334334334334335,-0.5225471842118202
4.344344344344345,-0.2330782803853575
4.354354354354355,-0.953610608359542
4.364364364364365,-0.08558627773766592
4.374374374374375,-1.4109179480320218
4.384384384384385,-1.3228279287605842
4.394394394394395,-0.20297029270016698
4.404404404404405,0.32996006244231785
4.414414414414415,0.4211756364098666
4.424424424424425,-0.3395152438792093
4.434434434434435,0.8382398929682291
4.444444444444445,0.33257300275978274
4.454454454454455,1.3250605279062169
4.464464464464465,1.081817279168289
4.474474474474475,0.24874423170485765
4.484484484484485,0.21142707766431046
4.494494494494495,-0.3575072781803095
4.504504504504505,-0.17238088056150716
4.514514514514515,0.03722254731599889
4.524524524524525,-1.1893289012169936
4.534534534534535,-0.632249525249855
4.544544544544545,-1.2504777696538367
4.554554554554555,-1.3862171318549559
4.564564564564565,-0.9506485559195943
4.574574574574575,-1.2341150846924733
4.584584584584585,-0.7424043844675526
4.594594594594595,-0.7679397666162793
4.604604604604605,1.1265164975261461
4.614614614614615,0.46080163662998347
4.624624624624625,0.34885630835606846
4.634634634634635,0.9927268637636358
4.644644644644645,0.9297163986019792
4.654654654654655,0.8788425898868836
4.664664664664665,1.2028230737069734
4.674674674674675,1.0930504914506827
4.684684684684685,0.1975437491620476
4.694694694694695,-0.12200863375361204
4.704704704704705,-0.28479095319594766
4.714714714714715,-1.5969473080528536
4.724724724724725,-1.4585608678668813
4.734734734734735,-0.20375514068634626
4.744744744744745,-0.16391827994507424
4.754754754754755,-1.1133822995416236
4.764764764764765,-0.6060587316031405
4.774774774774775,-0.5564672081592528
4.784784784784785,1.0794360668290128
4.794794794794795,0.39698894355219877
4.804804804804805,0.08641602607355733
4.814814814814815,-0.02897104009974799
4.824824824824825,-0.10001848104810074
4.834834834834835,0.9903706845859679
4.844844844844845,0.6087387224110083
4.854854854854855,0.27726453583463573
4.864864864864865,0.5696394160283056
4.874874874874875,0.1691068904872327
4.884884884884885,1.3007806202153642
4.894894894894895,0.6005148062622786
4.904904904904905,-0.15746937255452015
4.914914914914915,0.28836487306812303
4.924924924924925,-0.6667529133221393
4.934934934934935,-1.3207187714860342
4.944944944944945,-0.22585425482195887
4.954954954954955,-0.7184537050978501
4.964964964964965,-1.4101287498615167
4.974974974974975,-0.8028318179283164
4.984984984984985,-0.8922198731372666
4.994994994994995,-0.8479896296107383
5.005005005005005,0.6196785378943649
5.015015015015015,1.4091190666799296
5.025025025025025,0.00837869197692298
5.035035035035035,1.172990291043562
5.045045045045045,0.6625874423792618
5.055055055055055,0.7438536015744437
5.065065065065065,0.5938797087024799
5.075075075075075,0.2734416823060592
5.085085085085085,0.475868010349327
5.095095095095095,-0.26199200630930936
5.105105105105105,-0.024466514897635905
5.115115115115115,-0.48232885740365206
5.125125125125125,-0.8293549157276365
5.135135135135135,-1.3467076891703689
5.145145145145145,-1.2767770559176395
5.155155155155155,-0.6092184821402817
5.165165165165165,-0.6381802728401651
5.175175175175175,-1.1919823014799595
5.185185185185185,-0.3991330274858502
5.195195195195195,0.22531873987195586
5.205205205205205,-0.6719041283955943
5.215215215215215,0.7316844335885752
5.225225225225225,0.380780405958099
5.235235235235235,1.1796365474276043
5.245245245245245,0.6072347014921763
5.255255255255255,0.08396108636345612
5.265265265265265,0.07342105546702626
5.275275275275275,0.7250078100982948
5.285285285285285,0.5758479765458258
5.295295295295295,-0.30489320793205243
5.305305305305305,0.15339574281998508
5.315315315315315,-1.2935543541017678
5.325325325325325,-0.7473365357506699
5.335335335335335,-1.5012478235664772
5.345345345345345,-1.3152454435545708
5.355355355355355,-0.9621810877891915
5.365365365365365,-1.3159435910385133
5.375375375375375,-0.8909968344672929
5.385385385385385,0.059976543963077444
5.395395395395395,-0.432599865829552
5.405405405405405,0.5868468763543999
5.415415415415415,-0.09927369553487081
5.425425425425425,0.9813960124404091
5.435435435435435,1.6179176862712539
5.445445445445445,-0.24604153433986464
5.455455455455455,0.5869013327323824
5.465465465465465,1.1728088465990596
5.475475475475475,0.5949431850277243
5.485485485485485,0.6259215496202729
5.495495495495495,-0.160951261432991
5.505505505505505,-0.12880458902771827
5.515515515515515,-0.5461991540286988
5.525525525525525,-0.13479309403863293
5.535535535535535,-0.771307734469259
5.545545545545545,-0.8214229224535967
5.555555555555555,-1.1907462360734427
5.565565565565565,-1.1266030247608692
5.575575575575575,-0.9104849000505382
5.585585585585585,-0.24029693926776297
5.595595595595595,-0.34841957838279375
5.605605605605605,0.320083871700066
5.615615615615615,1.508837108405728
5.625625625625625,1.1564295706404235
5.635635635635635,0.7368822844393922
5.645645645645645,1.5912649596514021
5.655655655655655,0.7802191199225954
5.665665665665665,-0.137743955479113
5.675675675675675,0.1878957135188556
5.685685685685685,-0.5007028793585172
5.6956956956956954,-0.04094476201405273
5.7057057057057055,-0.169082481563182
5.7157157157157155,0.36431043354721526
5.7257257257257255,-0.5595794971794141
5.7357357357357355,-1.0108113099503677
5.7457457457457455,-0.576379156077272
5.7557557557557555,-2.089263780683557
5.7657657657657655,-0.7620207167621575
5.7757757757757755,-0.3042324920347963
5.7857857857857855,-1.1711519759032412
5.7957957957957955,0.4401817327678148
5.8058058058058055,0.3506333396198314
5.8158158158158155,0.2690310924960021
5.8258258258258255,1.0416029318135198
5.8358358358358355,2.037965556571219
5.8458458458458455,1.0824292211266282
5.8558558558558556,1.107236010945873
5.865865865865866,0.6486485288126486
5.875875875875876,0.26246230389671804
5.885885885885886,0.8441882623344545
5.895895895895896,-0.2994646176725583
5.905905905905906,-0.14869368819378867
5.915915915915916,-0.7182658856713606
5.925925925925926,-0.4878837286998465
5.935935935935936,-0.7371372308185373
5.945945945945946,-0.4731304631299258
5.955955955955956,-1.2375537863500035
5.965965965965966,-1.0117587428798454
5.975975975975976,-1.1744789483749445
5.985985985985986,-0.6483242424105042
5.995995995995996,0.06319221634211464
6.006006006006006,0.566060961698497
6.016016016016016,0.021111871713219876
6.026026026026026,1.1643310511750062
6.036036036036036,1.583127428985064
6.046046046046046,1.1990124192666616
6.056056056056056,1.9203536455765438
6.066066066066066,0.4884103011260369
6.076076076076076,0.060475565507497
6.086086086086086,-0.46602946839558357
6.096096096096096,0.8703596801230729
6.106106106106106,0.13652818314398904
6.116116116116116,-0.5127394721726924
6.126126126126126,-0.59169101294175
6.136136136136136,-1.4693842864260658
6.146146146146146,0.23019630292489657
6.156156156156156,-0.9167455897659516
6.166166166166166,-0.8190824726102968
6.176176176176176,-0.31761867940592936
6.186186186186186,-0.17997489740088699
6.196196196196196,-0.0072737965966405554
6.206206206206206,-0.20149647648579166
6.216216216216216,0.723429122381602
6.226226226226226,1.6748275735142397
6.236236236236236,1.5806720829570315
6.246246246246246,1.7896479024600649
6.256256256256256,0.7251390790044492
6.266266266266266,0.3774437878902011
6.276276276276276,0.6153008757648508
6.286286286286286,0.44548666835082573
6.296296296296296,0.663188673360718
6.306306306306306,-1.043057256325101
6.316316316316316,0.27433723181389963
6.326326326326326,-0.8149520167735873
6.336336336336336,-1.1227159127875912
6.346346346346346,-1.499471858347892
6.356356356356356,-1.807556290655065
6.366366366366366,-0.4591186081841798
6.376376376376376,-0.6392209897684923
6.386386386386386,-1.0597452309759534
6.396396396396396,-0.760508257460903
6.406406406406406,0.03201483557971782
6.416416416416417,1.3276868245441746
6.426426426426427,0.608277855950539
6.436436436436437,0.15900822703298345
6.446446446446447,0.8709033959624521
6.456456456456457,0.8431375145072811
6.466466466466467,-0.47929032986878706
6.476476476476477,0.6464114936279605
6.486486486486487,0.29643398313965535
6.496496496496497,0.45794689394921184
6.506506506506507,0.7214905954459148
6.516516516516517,0.06737319608949316
6.526526526526527,-0.8746360419793553
6.536536536536537,-1.465137978685866
6.546546546546547,0.29255954413499186
6.556556556556557,-0.949251740406619
6.566566566566567,-0.8606288417111325
6.576576576576577,-0.6832937628959117
6.586586586586587,-0.3099912615568281
6.596596596596597,-0.17889767133334156
6.606606606606607,-0.08076529202840982
6.616616616616617,0.22520820062080854
6.626626626626627,0.7259259066376198
6.636636636636637,0.6414489416061062
6.646646646646647,0.6380330644166965
6.656656656656657,1.0314280489791545
6.666666666666667,0.7385367950740055
6.676676676676677,1.4208933680356766
6.686686686686687,-0.9193229136420418
6.696696696696697,0.6493435897934621
6.706706706706707,0.41390066331124004
6.716716716716717,-1.5380562087916863
6.726726726726727,-0.9157498429285971
6.736736736736737,-1.1001590324430632
6.746746746746747,-1.6985375668414964
6.756756756756757,-1.3664635827431233
6.766766766766767,-1.4197366781927783
6.776776776776777,0.20957930852944018
6.786786786786787,0.06455287408974952
6.796796796796797,0.5353157096449108
6.806806806806807,0.5730521182041239
6.816816816816817,-0.060446329817292144
6.826826826826827,0.4842420551881631
6.836836836836837,1.1603941091141263
6.846846846846847,0.38403374100429266
6.856856856856857,1.3333870904476879
6.866866866866867,0.742700859206867
6.876876876876877,0.47679795703082095
6.886886886886887,0.7558866502695575
6.896896896896897,0.31946417411133193
6.906906906906907,-0.39577122365462025
6.916916916916917,0.07287186771386123
6.926926926926927,-1.2891226121349315
6.936936936936937,-0.6089981983238761
6.946946946946947,-0.6988531015498192
6.956956956956957,-1.130984070631428
6.966966966966967,-0.6982033168181797
6.976976976976977,-1.287411028022532
6.986986986986987,0.06449045951954768
6.996996996996997,-0.18665330454911067
7.007007007007007,-0.04300344401486522
7.017017017017017,1.034006113202325
7.027027027027027,0.3985004599813498
7.037037037037037,0.21398545869849672
7.047047047047047,0.21738538494488624
7.057057057057057,1.2785291481546577
7.067067067067067,0.21945290393260164
7.077077077077077,1.5368906645280758
7.087087087087087,-0.6463292011924222
7.097097097097097,0.9392992068316586
7.107107107107107,-0.11591709872025045
7.117117117117117,-0.5605614838883101
7.127127127127127,-1.025205781902429
7.137137137137137,-0.719889074214169
7.147147147147147,-1.0148037172515283
7.157157157157157,-0.4231769056662745
7.167167167167167,-0.8009430065246701
7.177177177177177,-0.581975504538254
7.187187187187187,-0.5735501588273313
7.197197197197197,-0.11641172027160239
7.207207207207207,0.3783922930835941
7.217217217217217,-0.34018090608750806
7.227227227227227,0.08072001650793592
7.237237237237237,1.2923211100642162
7.247247247247247,1.0816956297625242
7.257257257257257,0.8821302122623997
7.267267267267267,0.8656545624260493
7.277277277277277,0.8285435511205814
7.287287287287287,0.11896888843672093
7.297297297297297,-0.30434643822563096
7.307307307307307,-0.12963213732722495
7.317317317317317,-1.006782949269379
7.327327327327327,-0.5527453741477435
7.337337337337337,-1.7732036918041376
7.347347347347347,-0.48195178428751306
7.357357357357357,-0.7371075395494863
7.367367367367367,-0.726795024149985
7.377377377377377,-0.1610270445490301
7.387387387387387,0.44678766323596353
7.397397397397397,0.42551293064586193
7.407407407407407,-0.68982124492338
7.4174174174174174,-0.11950377138627055
7.4274274274274275,0.44651400262025004
7.4374374374374375,0.9361711242997292
7.4474474474474475,1.2556159503915958
7.4574574574574575,0.6098091481264278
7.4674674674674675,0.9465571154319333
7.4774774774774775,0.27229445687698817
7.4874874874874875,0.07728767110719775
7.4974974974974975,-0.6247930768584361
7.5075075075075075,-0.6952913190196985
7.5175175175175175,-1.198810021023963
7.5275275275275275,-1.248903952150329
7.5375375375375375,-0.39750928127338514
7.5475475475475475,-1.471732864194661
7.5575575575575575,0.3442448229664591
7.5675675675675675,-0.6048701872928728
7.5775775775775776,-0.5551748197899665
7.587587587587588,-0.8093186882142158
7.597597597597598,0.2747528751220799
7.607607607607608,-0.05108770282722183
7.617617617617618,0.5866504599539878
7.627627627627628,2.043046103505914
7.637637637637638,0.8774956690593463
7.647647647647648,1.571907202515669
7.657657657657658,0.6196135397074373
7.667667667667668,0.8323818759422162
7.677677677677678,1.5305937537564644
7.687687687687688,0.06374573540890671
7.697697697697698,0.9784901909190743
7.707707707707708,0.11409058423002491
7.717717717717718,-0.8095515766931641
7.727727727727728,-0.4488289279301131
7.737737737737738,-0.44043468059192076
7.747747747747748,-0.6865928154859016
7.757757757757758,-1.7555600504650253
7.767767767767768,-1.211783287825237
7.777777777777778,-0.7665469274622928
7.787787787787788,-0.41153171447404435
7.797797797797798,0.24120700418055108
7.807807807807808,0.33168768584520997
7.817817817817818,-0.13668657922573468
7.827827827827828,0.9571531203585766
7.837837837837838,1.2331818999384183
7.847847847847848,1.277610413161781
7.857857857857858,1.5100743944350008
7.867867867867868,1.2635059676045177
7.877877877877878,0.8699654662872522
7.887887887887888,0.33631417807825514
7.897897897897898,-0.764488973131363
7.907907907907908,-0.031077476187544695
7.917917917917918,-0.4298039168205549
7.927927927927928,-0.6332785879766207
7.937937937937938,-1.5674312608645116
7.947947947947948,-1.5384509852323733
7.957957957957958,-0.4423343565697022
7.967967967967968,-0.8646442858841551
7.977977977977978,-0.29720656206681445
7.987987987987988,-0.35431620674503805
7.997997997997998,-0.0479752202966303
8.008008008008009,0.7180754574548969
8.018018018018019,0.2782822791287003
8.028028028028029,0.8191346011692195
8.038038038038039,0.6990780864760844
8.048048048048049,0.7808722583219886
8.058058058058059,0.8135418911677987
8.068068068068069,0.9542470582030782
8.078078078078079,0.39615777501264504
8.088088088088089,0.99342817461198
8.098098098098099,-0.3875891862265407
8.108108108108109,-0.34541388346580254
8.118118118118119,-0.7588217514973012
8.128128128128129,-0.049583851211866925
8.138138138138139,-0.8330879012040753
8.148148148148149,-0.4823858885369522
8.158158158158159,-1.710115734915778
8.168168168168169,-0.7079601643654094
8.178178178178179,-0.18828557811510915
8.188188188188189,-0.32147921914393707
8.198198198198199,0.4761651383488731
8.208208208208209,-0.003624148649858827
8.218218218218219,1.24627619164097
8.228228228228229,1.9245127906892368
8.238238238238239,0.7510863572598729
8.248248248248249,0.7757348111701374
8.258258258258259,1.6932258161168958
8.268268268268269,1.6295681733238894
8.278278278278279,0.3692335914659363
8.288288288288289,0.14959532109659746
8.298298298298299,-0.08745723043717724
8.308308308308309,-0.9302848249459971
8.318318318318319,-1.0035693378737083
8.328328328328329,-1.2791173828583267
8.338338338338339,-1.3175355461629228
8.348348348348349,-1.0159965547698473
8.358358358358359,-0.848614682047086
8.368368368368369,-0.06282035229818628
8.378378378378379,-1.1273970176650137
8.388388388388389,0.13540851082406152
8.398398398398399,-0.15728899247609163
8.408408408408409,0.2363646555858716
8.418418418418419,0.884288621576952
8.428428428428429,0.21766157480234072
8.438438438438439,1.1259635297591855
8.448448448448449,1.082038378333797
8.458458458458459,1.2111266006988075
8.468468468468469,0.9809351309196882
8.478478478478479,1.8534202468072358
8.488488488488489,0.03494312700068758
8.498498498498499,-0.2183449081486234
8.508508508508509,-0.5757011325289798
8.518518518518519,-0.8272475376509487
8.528528528528529,-1.0996840312991698
8.538538538538539,-0.34136304000004203
8.548548548548549,-0.2887084357638996
8.558558558558559,-1.249443493690885
8.568568568568569,-1.2508005347999396
8.578578578578579,-0.3876063897450042
8.588588588588589,-0.6269815729918312
8.598598598598599,0.27245380685538517
8.608608608608609,0.3686241265601541
8.618618618618619,-0.2057384111455377
8.62862862862863,1.556703226873482
8.63863863863864,1.8349135358152018
8.64864864864865,0.6927046209624876
8.65865865865866,0.7693794109259191
8.66866866866867,0.9758191290032387
8.67867867867868,0.7880803898367525
8.68868868868869,0.6771956490306692
8.6986986986987,1.0459724688238836
8.70870870870871,-0.35866533463083594
8.71871871871872,-0.9539014766533447
8.72872872872873,-1.4745626558936857
8.73873873873874,-1.3035338468671251
8.74874874874875,-1.0157909786329793
8.75875875875876,-0.06510157747774059
8.76876876876877,-1.0899475318337655
8.77877877877878,-0.5064897060967695
8.78878878878879,-0.3531849818309448
8.7987987987988,0.5564687440453187
8.80880880880881,1.5366843665452974
8.81881881881882,0.29193218980147523
8.82882882882883,0.5421279741124911
8.83883883883884,1.4612341161543005
8.84884884884885,1.3402918812751374
8.85885885885886,1.8848749731151455
8.86886886886887,1.1213532041880558
8.87887887887888,0.43626320817366016
8.88888888888889,0.6373475586718098
8.8988988988989,0.5889370031032861
8.90890890890891,0.13399920621959543
8.91891891891892,-0.3063377705839326
8.92892892892893,-0.2554472226380613
8.93893893893894,-0.3555814454869163
8.94894894894895,-0.30837540231030625
8.95895895895896,-0.6362976586275055
8.96896896896897,-0.9111871787611543
8.97897897897898,-0.5400718910500177
8.98898898898899,0.26419111275950835
8.998998998999,-0.43991002641276233
9.00900900900901,0.46359953772928436
9.01901901901902,0.36590805205473564
9.02902902902903,0.8050860503825039
9.03903903903904,1.5805214368331435
9.04904904904905,1.0951033092317157
9.05905905905906,0.9829926684312718
9.06906906906907,0.1459309104735843
9.07907907907908,0.9840689315590125
9.08908908908909,0.6588453351127569
9.0990990990991,1.109926219735824
9.10910910910911,-0.4361702379504674
9.11911911911912,-0.45559940293344187
9.12912912912913,-0.6679430488863032
9.13913913913914,-0.15362582165258842
9.14914914914915,-1.047290533855706
9.15915915915916,-0.8193759318394749
9.16916916916917,-0.5201334012451007
9.17917917917918,-0.5151449594160242
9.18918918918919,-0.5563566020173331
9.1991991991992,0.07188975105979346
9.20920920920921,0.8221124410039227
9.21921921921922,0.05450843638918901
9.22922922922923,0.8610331409858724
9.23923923923924,0.5933396908019986
9.24924924924925,1.5972451887328099
9.25925925925926,0.19639605992359876
9.26926926926927,0.5428352579630262
9.27927927927928,0.7945568137958018
9.28928928928929,1.1129350650180267
9.2992992992993,-0.010863746610273055
9.30930930930931,-0.5659089536187994
9.31931931931932,0.37022654414238965
9.32932932932933,-1.5204608097130365
9.33933933933934,-2.043841383690871
9.34934934934935,-0.7797838692372596
9.35935935935936,-1.208109968174576
9.36936936936937,-1.3311189836724602
9.37937937937938,-0.24926801541374977
9.38938938938939,-0.20530268397220025
9.3993993993994,-0.30090662015283337
9.40940940940941,-0.34883323605992994
9.41941941941942,1.0091609187820891
9.42942942942943,1.1234521276537164
9.43943943943944,0.8958794407041701
9.44944944944945,1.923168924982134
9.45945945945946,0.4211243515761769
9.46946946946947,0.05593826890344711
9.47947947947948,0.2549815992225079
9.48948948948949,0.3014367873066047
9.4994994994995,0.1373927637183978
9.50950950950951,-0.41494388424746265
9.51951951951952,-0.3994791545127312
9.52952952952953,-1.4260110347492632
9.53953953953954,-0.22460468769821818
9.54954954954955,-1.0409754609630335
9.55955955955956,-0.39659324180422795
9.56956956956957,-0.6455283640040468
9.57957957957958,-0.3700424768140491
9.58958958958959,-0.03636970356803271
9.5995995995996,0.21127566216989674
9.60960960960961,0.6186912166009518
9.61961961961962,1.2426520245665689
9.62962962962963,0.9003837776057826
9.63963963963964,1.3019991255146786
9.64964964964965,0.9550715810566806
9.65965965965966,1.6743647414534928
9.66966966966967,0.476876990456626
9.67967967967968,1.4963668370893268
9.68968968968969,0.2981947395701361
9.6996996996997,-0.7059534788330989
9.70970970970971,-0.236278670156355
9.71971971971972,-0.9211647781660213
9.72972972972973,-0.38367535587257695
9.73973973973974,-1.2748101232109805
9.74974974974975,-1.2230608124751368
9.75975975975976,-1.8981320378502051
9.76976976976977,-1.039400344848275
9.77977977977978,-1.8053079251521273
9.78978978978979,-1.1072423503183717
9.7997997997998,0.37391789475604365
9.80980980980981,0.6962290278000336
9.81981981981982,0.7959251780987701
9.82982982982983,0.32237504539305595
9.83983983983984,0.9256339622838285
9.84984984984985,0.9981876049304298
9.85985985985986,0.3732254382881759
9.86986986986987,1.56311233734645
9.87987987987988,1.0295151802937834
9.88988988988989,0.20182295731667343
9.8998998998999,0.016587651704990984
9.90990990990991,-0.20213261563298962
9.91991991991992,-1.606615511753992
9.92992992992993,-0.9313098253340935
9.93993993993994,-1.2914638812990131
9.94994994994995,-1.500808768776055
9.95995995995996,-1.0919946211261524
9.96996996996997,0.08927210008400321
9.97997997997998,-0.2678725345672971
9.98998998998999,-0.5949055562802916
10.0,0.28629139067808124
